symbol,fundingTime,fundingRate,markPrice
ETHUSD_PERP,1691740800000,0.00010000,
ETHUSD_PERP,1691769600000,0.00010000,
ETHUSD_PERP,1691798400000,0.00010000,
ETHUSD_PERP,1691827200000,0.00010000,
ETHUSD_PERP,1691856000000,0.00010000,
ETHUSD_PERP,1691884800000,0.00010000,
ETHUSD_PERP,1691913600000,0.00000345,
ETHUSD_PERP,1691942400000,0.00010000,
ETHUSD_PERP,1691971200000,0.00010000,
ETHUSD_PERP,1692000000000,0.00010000,
ETHUSD_PERP,1692028800000,0.00010000,
ETHUSD_PERP,1692057600000,0.00010000,
ETHUSD_PERP,1692086400000,0.00010000,
ETHUSD_PERP,1692115200000,0.00010000,
ETHUSD_PERP,1692144000000,0.00010000,
ETHUSD_PERP,1692172800000,0.00010000,
ETHUSD_PERP,1692201600001,0.00010000,
ETHUSD_PERP,1692230400000,0.00010000,
ETHUSD_PERP,1692259200000,0.00010000,
ETHUSD_PERP,1692288000000,0.00010000,
ETHUSD_PERP,1692316800000,-0.00070243,
ETHUSD_PERP,1692345600000,0.00004380,
ETHUSD_PERP,1692374400000,0.00005962,
ETHUSD_PERP,1692403200000,0.00000248,
ETHUSD_PERP,1692432000000,-0.00003897,
ETHUSD_PERP,1692460800000,-0.00003152,
ETHUSD_PERP,1692489600000,-0.00007166,
ETHUSD_PERP,1692518400001,-0.00015826,
ETHUSD_PERP,1692547200000,-0.00004901,
ETHUSD_PERP,1692576000000,-0.00002718,
ETHUSD_PERP,1692604800000,-0.00006587,
ETHUSD_PERP,1692633600001,0.00000076,
ETHUSD_PERP,1692662400001,0.00008628,
ETHUSD_PERP,1692691200000,0.00001683,
ETHUSD_PERP,1692720000000,-0.00001300,
ETHUSD_PERP,1692748800000,-0.00007221,
ETHUSD_PERP,1692777600000,0.00004541,
ETHUSD_PERP,1692806400000,0.00000104,
ETHUSD_PERP,1692835200001,0.00000750,
ETHUSD_PERP,1692864000000,0.00002999,
ETHUSD_PERP,1692892800000,0.00004698,
ETHUSD_PERP,1692921600000,-0.00004376,
ETHUSD_PERP,1692950400000,0.00002925,
ETHUSD_PERP,1692979200000,0.00007402,
ETHUSD_PERP,1693008000000,0.00009602,
ETHUSD_PERP,1693036800000,0.00004272,
ETHUSD_PERP,1693065600000,0.00010000,
ETHUSD_PERP,1693094400000,0.00000800,
ETHUSD_PERP,1693123200000,0.00007606,
ETHUSD_PERP,1693152000000,0.00007935,
ETHUSD_PERP,1693180800000,0.00003587,
ETHUSD_PERP,1693209600000,-0.00012619,
ETHUSD_PERP,1693238400000,0.00010000,
ETHUSD_PERP,1693267200000,0.00007332,
ETHUSD_PERP,1693296000001,0.00008356,
ETHUSD_PERP,1693324800000,0.00004272,
ETHUSD_PERP,1693353600000,-0.00004142,
ETHUSD_PERP,1693382400000,-0.00003605,
ETHUSD_PERP,1693411200000,-0.00002550,
ETHUSD_PERP,1693440000000,0.00003007,
ETHUSD_PERP,1693468800000,0.00010000,
ETHUSD_PERP,1693497600000,0.00002743,
ETHUSD_PERP,1693526400000,0.00004921,
ETHUSD_PERP,1693555200000,0.00000754,
ETHUSD_PERP,1693584000000,0.00005220,
ETHUSD_PERP,1693612800000,0.00010000,
ETHUSD_PERP,1693641600000,0.00010000,
ETHUSD_PERP,1693670400000,0.00005793,
ETHUSD_PERP,1693699200000,0.00004138,
ETHUSD_PERP,1693728000000,-0.00005416,
ETHUSD_PERP,1693756800000,0.00002308,
ETHUSD_PERP,1693785600000,-0.00001549,
ETHUSD_PERP,1693814400000,0.00002473,
ETHUSD_PERP,1693843200000,0.00002822,
ETHUSD_PERP,1693872000000,0.00003706,
ETHUSD_PERP,1693900800001,-0.00000285,
ETHUSD_PERP,1693929600001,0.00010000,
ETHUSD_PERP,1693958400000,-0.00002029,
ETHUSD_PERP,1693987200001,0.00002237,
ETHUSD_PERP,1694016000000,0.00002855,
ETHUSD_PERP,1694044800000,0.00010000,
ETHUSD_PERP,1694073600000,0.00010000,
ETHUSD_PERP,1694102400000,0.00009782,
ETHUSD_PERP,1694131200000,0.00010000,
ETHUSD_PERP,1694160000000,0.00006820,
ETHUSD_PERP,1694188800000,0.00002657,
ETHUSD_PERP,1694217600000,0.00000647,
ETHUSD_PERP,1694246400000,-0.00003061,
ETHUSD_PERP,1694275200000,-0.00001568,
ETHUSD_PERP,1694304000000,-0.00001670,
ETHUSD_PERP,1694332800000,-0.00007057,
ETHUSD_PERP,1694361600000,0.00003370,
ETHUSD_PERP,1694390400000,0.00008863,
ETHUSD_PERP,1694419200000,0.00006108,
ETHUSD_PERP,1694448000000,-0.00003040,
ETHUSD_PERP,1694476800000,-0.00006173,
ETHUSD_PERP,1694505600000,0.00000682,
ETHUSD_PERP,1694534400000,-0.00000015,
ETHUSD_PERP,1694563200000,-0.00000377,
ETHUSD_PERP,1694592000000,-0.00007181,
ETHUSD_PERP,1694620800000,0.00003348,
ETHUSD_PERP,1694649600000,-0.00013501,
ETHUSD_PERP,1694678400000,-0.00003407,
ETHUSD_PERP,1694707200000,-0.00000730,
ETHUSD_PERP,1694736000000,-0.00010152,
ETHUSD_PERP,1694764800000,-0.00007812,
ETHUSD_PERP,1694793600000,-0.00000141,
ETHUSD_PERP,1694822400000,0.00004568,
ETHUSD_PERP,1694851200000,-0.00001800,
ETHUSD_PERP,1694880000000,-0.00007881,
ETHUSD_PERP,1694908800000,-0.00017537,
ETHUSD_PERP,1694937600000,-0.00007723,
ETHUSD_PERP,1694966400000,0.00004412,
ETHUSD_PERP,1694995200000,0.00002606,
ETHUSD_PERP,1695024000000,0.00003463,
ETHUSD_PERP,1695052800001,0.00010000,
ETHUSD_PERP,1695081600000,0.00005744,
ETHUSD_PERP,1695110400000,-0.00006821,
ETHUSD_PERP,1695139200000,0.00002783,
ETHUSD_PERP,1695168000001,0.00010000,
ETHUSD_PERP,1695196800000,-0.00000077,
ETHUSD_PERP,1695225600000,-0.00003114,
ETHUSD_PERP,1695254400001,0.00003476,
ETHUSD_PERP,1695283200000,0.00007129,
ETHUSD_PERP,1695312000000,0.00004458,
ETHUSD_PERP,1695340800000,0.00008398,
ETHUSD_PERP,1695369600000,0.00010000,
ETHUSD_PERP,1695398400000,0.00010000,
ETHUSD_PERP,1695427200000,0.00010000,
ETHUSD_PERP,1695456000000,-0.00003202,
ETHUSD_PERP,1695484800000,0.00004596,
ETHUSD_PERP,1695513600000,0.00010000,
ETHUSD_PERP,1695542400000,0.00006957,
ETHUSD_PERP,1695571200000,0.00010000,
ETHUSD_PERP,1695600000000,0.00000541,
ETHUSD_PERP,1695628800000,0.00010000,
ETHUSD_PERP,1695657600000,0.00010000,
ETHUSD_PERP,1695686400000,0.00010000,
ETHUSD_PERP,1695715200001,0.00010000,
ETHUSD_PERP,1695744000000,0.00010000,
ETHUSD_PERP,1695772800000,0.00010000,
ETHUSD_PERP,1695801600000,0.00010000,
ETHUSD_PERP,1695830400000,0.00010000,
ETHUSD_PERP,1695859200000,0.00010000,
ETHUSD_PERP,1695888000000,0.00010000,
ETHUSD_PERP,1695916800000,0.00010000,
ETHUSD_PERP,1695945600000,0.00009703,
ETHUSD_PERP,1695974400000,0.00002546,
ETHUSD_PERP,1696003200000,0.00001742,
ETHUSD_PERP,1696032000000,0.00005673,
ETHUSD_PERP,1696060800000,-0.00002994,
ETHUSD_PERP,1696089600000,-0.00000567,
ETHUSD_PERP,1696118400000,-0.00006341,
ETHUSD_PERP,1696147200001,0.00001588,
ETHUSD_PERP,1696176000000,0.00004998,
ETHUSD_PERP,1696204800000,0.00010000,
ETHUSD_PERP,1696233600000,0.00010000,
ETHUSD_PERP,1696262400000,0.00003774,
ETHUSD_PERP,1696291200000,0.00002598,
ETHUSD_PERP,1696320000000,0.00000470,
ETHUSD_PERP,1696348800000,0.00004143,
ETHUSD_PERP,1696377600000,0.00005914,
ETHUSD_PERP,1696406400000,-0.00003221,
ETHUSD_PERP,1696435200000,0.00005832,
ETHUSD_PERP,1696464000000,0.00002495,
ETHUSD_PERP,1696492800000,0.00002818,
ETHUSD_PERP,1696521600000,-0.00001738,
ETHUSD_PERP,1696550400000,-0.00003019,
ETHUSD_PERP,1696579200001,-0.00000267,
ETHUSD_PERP,1696608000000,-0.00000764,
ETHUSD_PERP,1696636800001,0.00007704,
ETHUSD_PERP,1696665600000,-0.00002674,
ETHUSD_PERP,1696694400001,-0.00005441,
ETHUSD_PERP,1696723200000,0.00003693,
ETHUSD_PERP,1696752000000,0.00010000,
ETHUSD_PERP,1696780800000,0.00008771,
ETHUSD_PERP,1696809600000,0.00006003,
ETHUSD_PERP,1696838400001,0.00010000,
ETHUSD_PERP,1696867200000,0.00007602,
ETHUSD_PERP,1696896000000,0.00007405,
ETHUSD_PERP,1696924800000,0.00010000,
ETHUSD_PERP,1696953600000,0.00010000,
ETHUSD_PERP,1696982400000,0.00007641,
ETHUSD_PERP,1697011200000,0.00002965,
ETHUSD_PERP,1697040000001,0.00010000,
ETHUSD_PERP,1697068800001,0.00010000,
ETHUSD_PERP,1697097600000,0.00003705,
ETHUSD_PERP,1697126400000,0.00001626,
ETHUSD_PERP,1697155200001,0.00003955,
ETHUSD_PERP,1697184000000,0.00010000,
ETHUSD_PERP,1697212800000,0.00009102,
ETHUSD_PERP,1697241600000,0.00006474,
ETHUSD_PERP,1697270400001,0.00001549,
ETHUSD_PERP,1697299200000,0.00002657,
ETHUSD_PERP,1697328000000,0.00008929,
ETHUSD_PERP,1697356800000,0.00002400,
ETHUSD_PERP,1697385600000,0.00000814,
ETHUSD_PERP,1697414400000,0.00006990,
ETHUSD_PERP,1697443200000,0.00005612,
ETHUSD_PERP,1697472000000,0.00009074,
ETHUSD_PERP,1697500800000,-0.00002640,
ETHUSD_PERP,1697529600000,-0.00006109,
ETHUSD_PERP,1697558400000,0.00001612,
ETHUSD_PERP,1697587200000,0.00000730,
ETHUSD_PERP,1697616000000,0.00001587,
ETHUSD_PERP,1697644800000,-0.00001919,
ETHUSD_PERP,1697673600000,-0.00006033,
ETHUSD_PERP,1697702400000,0.00006257,
ETHUSD_PERP,1697731200000,0.00010000,
ETHUSD_PERP,1697760000000,0.00008926,
ETHUSD_PERP,1697788800004,0.00006086,
ETHUSD_PERP,1697817600000,0.00010000,
ETHUSD_PERP,1697846400000,0.00006744,
ETHUSD_PERP,1697875200000,0.00010000,
ETHUSD_PERP,1697904000000,0.00008967,
ETHUSD_PERP,1697932800000,0.00010000,
ETHUSD_PERP,1697961600000,0.00005714,
ETHUSD_PERP,1697990400000,0.00002595,
ETHUSD_PERP,1698019200000,0.00010000,
ETHUSD_PERP,1698048000000,0.00010000,
ETHUSD_PERP,1698076800000,0.00010000,
ETHUSD_PERP,1698105600000,0.00010000,
ETHUSD_PERP,1698134400000,0.00010000,
ETHUSD_PERP,1698163200000,0.00010000,
ETHUSD_PERP,1698192000000,0.00010000,
ETHUSD_PERP,1698220800000,0.00010000,
ETHUSD_PERP,1698249600000,0.00010000,
ETHUSD_PERP,1698278400000,0.00003090,
ETHUSD_PERP,1698307200000,0.00010000,
ETHUSD_PERP,1698336000000,0.00010000,
ETHUSD_PERP,1698364800000,0.00010000,
ETHUSD_PERP,1698393600000,0.00010000,
ETHUSD_PERP,1698422400000,0.00010000,
ETHUSD_PERP,1698451200000,0.00010000,
ETHUSD_PERP,1698480000000,0.00010000,
ETHUSD_PERP,1698508800000,0.00012389,
ETHUSD_PERP,1698537600000,0.00010000,
ETHUSD_PERP,1698566400000,0.00010000,
ETHUSD_PERP,1698595200000,0.00011063,
ETHUSD_PERP,1698624000000,0.00014026,
ETHUSD_PERP,1698652800000,0.00010000,
ETHUSD_PERP,1698681600000,0.00010000,
ETHUSD_PERP,1698710400000,0.00010000,
ETHUSD_PERP,1698739200000,0.00010000,
ETHUSD_PERP,1698768000000,0.00010000,
ETHUSD_PERP,1698796800001,0.00010000,
ETHUSD_PERP,1698825600000,0.00010000,1805.50000000
ETHUSD_PERP,1698854400000,0.00010000,1793.30000000
ETHUSD_PERP,1698883200000,0.00015283,1848.59060103
ETHUSD_PERP,1698912000000,0.00019728,1836.31607863
ETHUSD_PERP,1698940800000,0.00010000,1803.65000000
ETHUSD_PERP,1698969600000,0.00010000,1801.04436488
ETHUSD_PERP,1698998400000,0.00010000,1798.79331182
ETHUSD_PERP,1699027200000,0.00010000,1812.74271617
ETHUSD_PERP,1699056000000,0.00010000,1833.42489110
ETHUSD_PERP,1699084800000,0.00010000,1834.27333271
ETHUSD_PERP,1699113600000,0.00010000,1832.54034639
ETHUSD_PERP,1699142400000,0.00010000,1857.17000000
ETHUSD_PERP,1699171200000,0.00029718,1887.33000000
ETHUSD_PERP,1699200000000,0.00013587,1877.19000000
ETHUSD_PERP,1699228800000,0.00010000,1893.81290085
ETHUSD_PERP,1699257600001,0.00010000,1879.82000000
ETHUSD_PERP,1699286400000,0.00010000,1902.43689616
ETHUSD_PERP,1699315200000,0.00010000,1901.57613295
ETHUSD_PERP,1699344000000,0.00010000,1892.77000000
ETHUSD_PERP,1699372800000,0.00010000,1863.57000000
ETHUSD_PERP,1699401600000,0.00010000,1886.46000000
ETHUSD_PERP,1699430400000,0.00010000,1875.61000000
ETHUSD_PERP,1699459200000,0.00010000,1890.20214939
ETHUSD_PERP,1699488000000,0.00010000,1889.33437590
ETHUSD_PERP,1699516800000,0.00025985,1913.94000000
ETHUSD_PERP,1699545600000,0.00048732,2037.73000000
ETHUSD_PERP,1699574400000,0.00010000,2121.97419333
ETHUSD_PERP,1699603200000,0.00033535,2105.13332850
ETHUSD_PERP,1699632000000,0.00010000,2091.02000000
ETHUSD_PERP,1699660800000,0.00010000,2079.50126539
ETHUSD_PERP,1699689600000,0.00011644,2057.34000000
ETHUSD_PERP,1699718400000,0.00011536,2071.02000000
ETHUSD_PERP,1699747200000,0.00010000,2055.11000000
ETHUSD_PERP,1699776000001,0.00010000,2060.20000000
ETHUSD_PERP,1699804800000,0.00025707,2059.87000000
ETHUSD_PERP,1699833600000,0.00029765,2047.28000000
ETHUSD_PERP,1699862400000,0.00015834,2050.66000000
ETHUSD_PERP,1699891200000,0.00010000,2107.09246789
ETHUSD_PERP,1699920000000,0.00010000,2054.35503044
ETHUSD_PERP,1699948800000,0.00010000,2061.86493746
ETHUSD_PERP,1699977600000,0.00010000,2038.58000000
ETHUSD_PERP,1700006400000,0.00010000,1979.63445186
ETHUSD_PERP,1700035200001,0.00010000,1984.03377203
ETHUSD_PERP,1700064000000,0.00010000,2021.73000000
ETHUSD_PERP,1700092800000,0.00010000,2060.49384007
ETHUSD_PERP,1700121600000,0.00010000,2054.61000000
ETHUSD_PERP,1700150400000,0.00010000,1995.26000000
ETHUSD_PERP,1700179200000,0.00010000,1961.60689296
ETHUSD_PERP,1700208000000,0.00010000,1970.09729679
ETHUSD_PERP,1700236800000,0.00010000,1917.83314065
ETHUSD_PERP,1700265600000,0.00010000,1960.96628237
ETHUSD_PERP,1700294400000,0.00010000,1936.20396154
ETHUSD_PERP,1700323200000,0.00010000,1953.12000000
ETHUSD_PERP,1700352000000,0.00010000,1962.95000000
ETHUSD_PERP,1700380800000,0.00010000,1962.33000000
ETHUSD_PERP,1700409600001,0.00006631,1967.04000000
ETHUSD_PERP,1700438400000,0.00010000,2012.17062851
ETHUSD_PERP,1700467200000,0.00010000,2019.73483071
ETHUSD_PERP,1700496000000,0.00010000,2043.19636341
ETHUSD_PERP,1700524800000,0.00010000,2021.98000000
ETHUSD_PERP,1700553600000,0.00004646,2003.41218302
ETHUSD_PERP,1700582400000,0.00007989,1988.44652532
ETHUSD_PERP,1700611200000,0.00009705,1933.31968647
ETHUSD_PERP,1700640000000,0.00010000,1993.68000000
ETHUSD_PERP,1700668800000,0.00008991,2033.61707885
ETHUSD_PERP,1700697600000,0.00010000,2063.52584534
ETHUSD_PERP,1700726400000,0.00010000,2065.54000000
ETHUSD_PERP,1700755200001,0.00010000,2042.15067643
ETHUSD_PERP,1700784000000,0.00010000,2061.81000000
ETHUSD_PERP,1700812800000,0.00010000,2080.50313275
ETHUSD_PERP,1700841600006,0.00010000,2117.79000000
ETHUSD_PERP,1700870400000,0.00010000,2081.65000000
ETHUSD_PERP,1700899200000,0.00010000,2089.44000000
ETHUSD_PERP,1700928000000,0.00010000,2078.44261241
ETHUSD_PERP,1700956800001,0.00010000,2083.75242454
ETHUSD_PERP,1700985600000,0.00010000,2090.29000000
ETHUSD_PERP,1701014400000,0.00010000,2065.47621681
ETHUSD_PERP,1701043200000,0.00010000,2062.11000000
ETHUSD_PERP,1701072000000,0.00010000,2045.52935222
ETHUSD_PERP,1701100800000,0.00010000,2002.36493482
ETHUSD_PERP,1701129600000,0.00010000,2027.08197166
ETHUSD_PERP,1701158400000,0.00010000,2014.40450070
ETHUSD_PERP,1701187200000,0.00010000,2036.63379960
ETHUSD_PERP,1701216000000,0.00010000,2048.67422789
ETHUSD_PERP,1701244800000,0.00010000,2057.65000000
ETHUSD_PERP,1701273600000,0.00010000,2031.52000000
ETHUSD_PERP,1701302400000,0.00009900,2028.72000000
ETHUSD_PERP,1701331200001,0.00010000,2035.62806125
ETHUSD_PERP,1701360000000,0.00010000,2032.77000000
ETHUSD_PERP,1701388800000,0.00010000,2051.96000000
ETHUSD_PERP,1701417600000,0.00010000,2093.52820440
ETHUSD_PERP,1701446400000,0.00010000,2080.14727014
ETHUSD_PERP,1701475200000,0.00010000,2087.14000000
ETHUSD_PERP,1701504000000,0.00000248,2096.06703252
ETHUSD_PERP,1701532800000,0.00009280,2104.69000000
ETHUSD_PERP,1701561600000,0.00010000,2166.05023639
ETHUSD_PERP,1701590400000,0.00010000,2164.78497488
ETHUSD_PERP,1701619200000,0.00010000,2159.90599802
ETHUSD_PERP,1701648000000,0.00010000,2193.65683341
ETHUSD_PERP,1701676800000,0.00010000,2247.54000000
ETHUSD_PERP,1701705600000,0.00010000,2212.13000000
ETHUSD_PERP,1701734400000,0.00010000,2243.35812263
ETHUSD_PERP,1701763200000,0.00010000,2199.86514157
ETHUSD_PERP,1701792000000,0.00010000,2228.07600559
ETHUSD_PERP,1701820800000,0.00010000,2293.15666484
ETHUSD_PERP,1701849600000,0.00010000,2265.83510406
ETHUSD_PERP,1701878400000,0.00010000,2253.09954243
ETHUSD_PERP,1701907200000,0.00010000,2232.52000000
ETHUSD_PERP,1701936000000,0.00010000,2261.73353998
ETHUSD_PERP,1701964800000,0.00010000,2320.97026023
ETHUSD_PERP,1701993600000,0.00010000,2356.99320548
ETHUSD_PERP,1702022400000,0.00010000,2353.73115356
ETHUSD_PERP,1702051200000,0.00010000,2346.27236730
ETHUSD_PERP,1702080000000,0.00010000,2359.44507409
ETHUSD_PERP,1702108800000,0.00010000,2385.68000000
ETHUSD_PERP,1702137600000,0.00010000,2364.67000000
ETHUSD_PERP,1702166400000,0.00010000,2341.67195712
ETHUSD_PERP,1702195200000,0.00010000,2355.21143971
ETHUSD_PERP,1702224000000,0.00010000,2353.76000000
ETHUSD_PERP,1702252800000,0.00010678,2353.73000000
ETHUSD_PERP,1702281600000,0.00010000,2237.38000000
ETHUSD_PERP,1702310400000,0.00010000,2219.21661101
ETHUSD_PERP,1702339200000,0.00015402,2225.37000000
ETHUSD_PERP,1702368000000,0.00023877,2233.71000000
ETHUSD_PERP,1702396800000,0.00042326,2192.37541148
ETHUSD_PERP,1702425600000,0.00061091,2200.86522002
ETHUSD_PERP,1702454400000,0.00010000,2172.42000000
ETHUSD_PERP,1702483200000,0.00010000,2217.37457896
ETHUSD_PERP,1702512000000,0.00010000,2261.62000000
ETHUSD_PERP,1702540800000,0.00010000,2283.35997161
ETHUSD_PERP,1702569600000,0.00010000,2275.81000000
ETHUSD_PERP,1702598400000,0.00010000,2316.42000000
ETHUSD_PERP,1702627200000,0.00010000,2272.50530847
ETHUSD_PERP,1702656000000,0.00010000,2231.64166678
ETHUSD_PERP,1702684800000,0.00010000,2220.81564647
ETHUSD_PERP,1702713600000,0.00010000,2241.27000000
ETHUSD_PERP,1702742400000,0.00011773,2256.10793191
ETHUSD_PERP,1702771200000,0.00011709,2228.76000000
ETHUSD_PERP,1702800000000,0.00025409,2207.62268098
ETHUSD_PERP,1702828800000,0.00021519,2221.51748288
ETHUSD_PERP,1702857600000,0.00017490,2195.61000000
ETHUSD_PERP,1702886400000,0.00014766,2168.31186473
ETHUSD_PERP,1702915200000,0.00014922,2154.79245339
ETHUSD_PERP,1702944000000,0.00013335,2219.67277370
ETHUSD_PERP,1702972800001,0.00010000,2247.99000000
ETHUSD_PERP,1703001600000,0.00014282,2191.84190728
ETHUSD_PERP,1703030400000,0.00010000,2178.74773606
ETHUSD_PERP,1703059200000,0.00010000,2216.93000000
ETHUSD_PERP,1703088000000,0.00030940,2248.63020936
ETHUSD_PERP,1703116800000,0.00035043,2203.87935637
ETHUSD_PERP,1703145600000,0.00023343,2216.30000000
ETHUSD_PERP,1703174400000,0.00035384,2234.18137668
ETHUSD_PERP,1703203200000,0.00029965,2241.31000000
ETHUSD_PERP,1703232000000,0.00033648,2274.44528178
ETHUSD_PERP,1703260800001,0.00031701,2322.71000000
ETHUSD_PERP,1703289600000,0.00010488,2328.20000000
ETHUSD_PERP,1703318400000,0.00010000,2286.30261706
ETHUSD_PERP,1703347200000,0.00010000,2287.37000000
ETHUSD_PERP,1703376000000,0.00010000,2311.30000000
ETHUSD_PERP,1703404800000,0.00026827,2297.06000000
ETHUSD_PERP,1703433600000,0.00010351,2296.14000000
ETHUSD_PERP,1703462400000,0.00010000,2265.92121714
ETHUSD_PERP,1703491200000,0.00017266,2282.36658206
ETHUSD_PERP,1703520000001,0.00035731,2288.38004815
ETHUSD_PERP,1703548800000,0.00045193,2273.56000000
ETHUSD_PERP,1703577600000,0.00034615,2242.53000000
ETHUSD_PERP,1703606400000,0.00042813,2229.81189698
ETHUSD_PERP,1703635200000,0.00036568,2232.74000000
ETHUSD_PERP,1703664000000,0.00032610,2230.52000000
ETHUSD_PERP,1703692800001,0.00047419,2345.28000000
ETHUSD_PERP,1703721600000,0.00018574,2381.83000000
ETHUSD_PERP,1703750400000,0.00064411,2384.31423170
ETHUSD_PERP,1703779200000,0.00042376,2360.96540961
ETHUSD_PERP,1703808000000,0.00012917,2346.43621931
ETHUSD_PERP,1703836800000,0.00024134,2335.94185169
ETHUSD_PERP,1703865600000,0.00027723,2330.12173251
ETHUSD_PERP,1703894400000,0.00015139,2300.84937349
ETHUSD_PERP,1703923200000,0.00031392,2297.54327295
ETHUSD_PERP,1703952000000,0.00030842,2314.80000000
ETHUSD_PERP,1703980800000,0.00010308,2293.10034599
ETHUSD_PERP,1704009600000,0.00023798,2296.16000000
ETHUSD_PERP,1704038400000,0.00027973,2299.98000000
ETHUSD_PERP,1704067200000,0.00023439,2283.22000000
ETHUSD_PERP,1704096000000,0.00026122,2285.88081867
ETHUSD_PERP,1704124800000,0.00036094,2316.60913750
ETHUSD_PERP,1704153600000,0.00041293,2355.00000000
ETHUSD_PERP,1704182400000,0.00020502,2389.82122218
ETHUSD_PERP,1704211200000,0.00036001,2360.54534628
ETHUSD_PERP,1704240000000,0.00010000,2356.83293024
ETHUSD_PERP,1704268800000,0.00010000,2363.29000000
ETHUSD_PERP,1704297600000,0.00010000,2240.94511562
ETHUSD_PERP,1704326400000,0.00010000,2210.74000000
ETHUSD_PERP,1704355200000,0.00010000,2223.54000000
ETHUSD_PERP,1704384000000,0.00010000,2278.91000000
ETHUSD_PERP,1704412800000,0.00010000,2269.46673194
ETHUSD_PERP,1704441600000,0.00010000,2254.02409873
ETHUSD_PERP,1704470400000,0.00010000,2225.91000000
ETHUSD_PERP,1704499200000,0.00010000,2269.32000000
ETHUSD_PERP,1704528000000,0.00010000,2234.38000000
ETHUSD_PERP,1704556800000,0.00010000,2246.99787285
ETHUSD_PERP,1704585600000,0.00007290,2241.16000000
ETHUSD_PERP,1704614400000,0.00004682,2249.41000000
ETHUSD_PERP,1704643200000,0.00010000,2230.92770757
ETHUSD_PERP,1704672000000,0.00010000,2221.94000000
ETHUSD_PERP,1704700800000,0.00010000,2224.87661938
ETHUSD_PERP,1704729600000,0.00010000,2271.19220044
ETHUSD_PERP,1704758400000,0.00010000,2332.44601661
ETHUSD_PERP,1704787200000,0.00010000,2306.99460720
ETHUSD_PERP,1704816000000,0.00010000,2257.42541106
ETHUSD_PERP,1704844800000,0.00010000,2345.23000000
ETHUSD_PERP,1704873600000,0.00010000,2370.47000000
ETHUSD_PERP,1704902400000,0.00010000,2450.19142686
ETHUSD_PERP,1704931200000,0.00010000,2584.40915259
ETHUSD_PERP,1704960000000,0.00010000,2589.66795918
ETHUSD_PERP,1704988800000,0.00010000,2614.40286299
ETHUSD_PERP,1705017600001,0.00010000,2619.21365816
ETHUSD_PERP,1705046400000,0.00010000,2595.98280913
ETHUSD_PERP,1705075200000,0.00010000,2646.56153488
ETHUSD_PERP,1705104000000,0.00010000,2522.36089817
ETHUSD_PERP,1705132800000,0.00010000,2549.93000000
ETHUSD_PERP,1705161600000,0.00010000,2563.58544112
ETHUSD_PERP,1705190400000,0.00010000,2577.65016742
ETHUSD_PERP,1705219200000,0.00010000,2550.55298062
ETHUSD_PERP,1705248000000,0.00010000,2537.89000000
ETHUSD_PERP,1705276800000,0.00010000,2473.00000000
ETHUSD_PERP,1705305600000,0.00012581,2513.71000000
ETHUSD_PERP,1705334400001,0.00010000,2514.33000000
ETHUSD_PERP,1705363200000,0.00010000,2511.29314313
ETHUSD_PERP,1705392000000,0.00017370,2526.56084534
ETHUSD_PERP,1705420800000,0.00010000,2559.05661639
ETHUSD_PERP,1705449600000,0.00010000,2586.47000000
ETHUSD_PERP,1705478400000,0.00010000,2551.42704709
ETHUSD_PERP,1705507200000,0.00010000,2538.05049859
ETHUSD_PERP,1705536000000,0.00010000,2528.60000000
ETHUSD_PERP,1705564800001,0.00010000,2536.57681347
ETHUSD_PERP,1705593600000,0.00010000,2524.13564225
ETHUSD_PERP,1705622400000,0.00010000,2469.42734782
ETHUSD_PERP,1705651200000,0.00010000,2462.67000000
ETHUSD_PERP,1705680000002,0.00010000,2461.40000000
ETHUSD_PERP,1705708800000,0.00010000,2490.50000000
ETHUSD_PERP,1705737600000,0.00010000,2478.08000000
ETHUSD_PERP,1705766400000,0.00010000,2462.32531537
ETHUSD_PERP,1705795200000,0.00010000,2470.36375056
ETHUSD_PERP,1705824000001,0.00010000,2474.57736753
ETHUSD_PERP,1705852800000,0.00010000,2466.72866107
ETHUSD_PERP,1705881600000,0.00010000,2455.28335710
ETHUSD_PERP,1705910400000,0.00010000,2418.95000000
ETHUSD_PERP,1705939200000,0.00010000,2376.86522372
ETHUSD_PERP,1705968000000,0.00010000,2311.76801991
ETHUSD_PERP,1705996800000,0.00010000,2321.25914156
ETHUSD_PERP,1706025600000,0.00010000,2216.74604404
ETHUSD_PERP,1706054400000,0.00010000,2241.47853361
ETHUSD_PERP,1706083200000,0.00010000,2232.77000000
ETHUSD_PERP,1706112000000,0.00010000,2233.86720661
ETHUSD_PERP,1706140800001,0.00010000,2233.93000000
ETHUSD_PERP,1706169600000,0.00010000,2226.72230112
ETHUSD_PERP,1706198400000,0.00010000,2187.31100026
ETHUSD_PERP,1706227200000,0.00010000,2217.35008538
ETHUSD_PERP,1706256000000,0.00010000,2196.35000000
ETHUSD_PERP,1706284800000,0.00010000,2256.65413298
ETHUSD_PERP,1706313600000,0.00010000,2267.18280527
ETHUSD_PERP,1706342400000,0.00010000,2257.88366679
ETHUSD_PERP,1706371200000,0.00010000,2269.32000000
ETHUSD_PERP,1706400000001,0.00010000,2267.40430061
ETHUSD_PERP,1706428800000,0.00010000,2282.58000000
ETHUSD_PERP,1706457600000,0.00010000,2269.57999235
ETHUSD_PERP,1706486400000,0.00010000,2256.51822752
ETHUSD_PERP,1706515200000,0.00010000,2258.23000000
ETHUSD_PERP,1706544000000,0.00010000,2274.86439796
ETHUSD_PERP,1706572800000,0.00010000,2317.11000000
ETHUSD_PERP,1706601600000,0.00010000,2308.45644369
ETHUSD_PERP,1706630400000,0.00010000,2340.44000000
ETHUSD_PERP,1706659200001,0.00010000,2342.55823147
ETHUSD_PERP,1706688000000,0.00010000,2339.72677723
ETHUSD_PERP,1706716800000,0.00010000,2328.57000000
ETHUSD_PERP,1706745600000,0.00010000,2281.47811852
ETHUSD_PERP,1706774400000,0.00010000,2269.69213066
ETHUSD_PERP,1706803200002,0.00010000,2287.05000000
ETHUSD_PERP,1706832000000,0.00010000,2302.71374206
ETHUSD_PERP,1706860800000,0.00010000,2312.07829038
ETHUSD_PERP,1706889600000,0.00010000,2312.20238938
ETHUSD_PERP,1706918400000,0.00010000,2307.44699392
ETHUSD_PERP,1706947200000,0.00010000,2313.22423804
ETHUSD_PERP,1706976000000,0.00010000,2302.23238103
ETHUSD_PERP,1707004800000,0.00005097,2294.86000000
ETHUSD_PERP,1707033600000,0.00010000,2289.02223184
ETHUSD_PERP,1707062400000,0.00010000,2300.30918246
ETHUSD_PERP,1707091200000,0.00010000,2288.12542126
ETHUSD_PERP,1707120000000,0.00010000,2307.98037081
ETHUSD_PERP,1707148800000,0.00010000,2296.13110302
ETHUSD_PERP,1707177600000,0.00010000,2299.53000000
ETHUSD_PERP,1707206400000,0.00010000,2324.45649967
ETHUSD_PERP,1707235200000,0.00010000,2342.08580241
ETHUSD_PERP,1707264000000,0.00010000,2371.38000000
ETHUSD_PERP,1707292800000,0.00010000,2360.39000000
ETHUSD_PERP,1707321600000,0.00010000,2367.48000000
ETHUSD_PERP,1707350400000,0.00010000,2423.84000000
ETHUSD_PERP,1707379200000,0.00010000,2420.52619696
ETHUSD_PERP,1707408000000,0.00010000,2454.00000000
ETHUSD_PERP,1707436800000,0.00010000,2419.93000000
ETHUSD_PERP,1707465600000,0.00010000,2453.37000000
ETHUSD_PERP,1707494400000,0.00010000,2495.40546909
ETHUSD_PERP,1707523200000,0.00000731,2486.31000000
ETHUSD_PERP,1707552000000,0.00003077,2495.39000000
ETHUSD_PERP,1707580800000,0.00010000,2491.10000000
ETHUSD_PERP,1707609600000,0.00010000,2500.34000000
ETHUSD_PERP,1707638400000,0.00007616,2527.81000000
ETHUSD_PERP,1707667200000,0.00001019,2508.50535824
ETHUSD_PERP,1707696000000,0.00005138,2507.13000000
ETHUSD_PERP,1707724800000,0.00010000,2502.22568702
ETHUSD_PERP,1707753600000,0.00010000,2558.70275802
ETHUSD_PERP,1707782400000,0.00010000,2661.24373563
ETHUSD_PERP,1707811200000,0.00013988,2651.20000000
ETHUSD_PERP,1707840000000,0.00019199,2633.99000000
ETHUSD_PERP,1707868800000,0.00010000,2642.20000000
ETHUSD_PERP,1707897600000,0.00010000,2655.40000000
ETHUSD_PERP,1707926400000,0.00010000,2751.42968509
ETHUSD_PERP,1707955200000,0.00010000,2778.97000000
ETHUSD_PERP,1707984000000,0.00010000,2776.01000000
ETHUSD_PERP,1708012800000,0.00029361,2831.91732383
ETHUSD_PERP,1708041600000,0.00027064,2827.07532773
ETHUSD_PERP,1708070400000,0.00020551,2819.36000000
ETHUSD_PERP,1708099200000,0.00018642,2778.93714494
ETHUSD_PERP,1708128000000,0.00017333,2805.89157317
ETHUSD_PERP,1708156800000,0.00019684,2797.33520675
ETHUSD_PERP,1708185600000,0.00020421,2757.21000000
ETHUSD_PERP,1708214400000,0.00010000,2788.39000000
ETHUSD_PERP,1708243200000,0.00021116,2802.68226410
ETHUSD_PERP,1708272000000,0.00010000,2808.80000000
ETHUSD_PERP,1708300800000,0.00037320,2883.90861642
ETHUSD_PERP,1708329600000,0.00026754,2929.05000000
ETHUSD_PERP,1708358400000,0.00010000,2910.26000000
ETHUSD_PERP,1708387200000,0.00023360,2946.36875333
ETHUSD_PERP,1708416000000,0.00010000,2922.32911845
ETHUSD_PERP,1708444800000,0.00033515,2926.79000000
ETHUSD_PERP,1708473600000,0.00010000,3016.41000000
ETHUSD_PERP,1708502400000,0.00010000,2940.02745626
ETHUSD_PERP,1708531200000,0.00010000,2915.47113089
ETHUSD_PERP,1708560000000,0.00010000,2971.00000000
ETHUSD_PERP,1708588800000,0.00024666,2994.61609103
ETHUSD_PERP,1708617600000,0.00010000,2988.48000000
ETHUSD_PERP,1708646400000,0.00018689,2971.37000000
ETHUSD_PERP,1708675200000,0.00010000,2932.55000000
ETHUSD_PERP,1708704000000,0.00010000,2917.30964174
ETHUSD_PERP,1708732800000,0.00010000,2922.59000000
ETHUSD_PERP,1708761600000,0.00013287,2964.63057001
ETHUSD_PERP,1708790400001,0.00010240,2956.80000000
ETHUSD_PERP,1708819200000,0.00010000,2993.50000000
ETHUSD_PERP,1708848000000,0.00015285,3031.17835334
ETHUSD_PERP,1708876800000,0.00010000,3044.55000000
ETHUSD_PERP,1708905600000,0.00037945,3114.22396253
ETHUSD_PERP,1708934400000,0.00010000,3088.92206402
ETHUSD_PERP,1708963200000,0.00027629,3148.64654665
ETHUSD_PERP,1708992000000,0.00033434,3180.27198858
ETHUSD_PERP,1709020800000,0.00022516,3220.25000000
ETHUSD_PERP,1709049600000,0.00029472,3232.66957797
ETHUSD_PERP,1709078400000,0.00025166,3245.94073038
ETHUSD_PERP,1709107200001,0.00023724,3307.62050494
ETHUSD_PERP,1709136000000,0.00023942,3352.41000000
ETHUSD_PERP,1709164800000,0.00034054,3388.65719068
ETHUSD_PERP,1709193600000,0.00080279,3470.58421865
ETHUSD_PERP,1709222400000,0.00063215,3472.42000000
ETHUSD_PERP,1709251200000,0.00058559,3345.51733009
ETHUSD_PERP,1709280000000,0.00029540,3368.30000000
ETHUSD_PERP,1709308800000,0.00046344,3395.01000000
ETHUSD_PERP,1709337600000,0.00020203,3438.31495135
ETHUSD_PERP,1709366400000,0.00015469,3435.93000000
ETHUSD_PERP,1709395200001,0.00044422,3424.76738514
ETHUSD_PERP,1709424000000,0.00026207,3426.91216211
ETHUSD_PERP,1709452800000,0.00050434,3397.79000000
ETHUSD_PERP,1709481600000,0.00037696,3426.60000000
ETHUSD_PERP,1709510400000,0.00061098,3494.09000000
ETHUSD_PERP,1709539200000,0.00046646,3482.04000000
ETHUSD_PERP,1709568000000,0.00055207,3567.55000000
ETHUSD_PERP,1709596800000,0.00026849,3634.68000000
ETHUSD_PERP,1709625600002,0.00103506,3680.60000000
ETHUSD_PERP,1709654400000,0.00049408,3788.53000000
ETHUSD_PERP,1709683200000,0.00046312,3561.18000000
ETHUSD_PERP,1709712000000,0.00061311,3790.25000000
ETHUSD_PERP,1709740800000,0.00044167,3793.92120961
ETHUSD_PERP,1709769600000,0.00025311,3823.38526609
ETHUSD_PERP,1709798400000,0.00029604,3794.77356990
ETHUSD_PERP,1709827200000,0.00034188,3844.64000000
ETHUSD_PERP,1709856000000,0.00010000,3876.40000000
ETHUSD_PERP,1709884800000,0.00064085,3918.89000000
ETHUSD_PERP,1709913600001,0.00032692,3909.44000000
ETHUSD_PERP,1709942400000,0.00010000,3895.00000000
ETHUSD_PERP,1709971200001,0.00033083,3937.02000000
ETHUSD_PERP,1710000000000,0.00056359,3930.43248247
ETHUSD_PERP,1710028800000,0.00028518,3916.33000000
ETHUSD_PERP,1710057600000,0.00053835,3955.36000000
ETHUSD_PERP,1710086400000,0.00023366,3893.36768503
ETHUSD_PERP,1710115200000,0.00029125,3885.62458337
ETHUSD_PERP,1710144000000,0.00118937,4015.79000000
ETHUSD_PERP,1710172800000,0.00059064,4022.29000000
ETHUSD_PERP,1710201600000,0.00112021,4072.60000000
ETHUSD_PERP,1710230400001,0.00010393,4031.04950409
ETHUSD_PERP,1710259200000,0.00085461,3993.34000000
ETHUSD_PERP,1710288000000,0.00078174,3985.07380026
ETHUSD_PERP,1710316800000,0.00082095,4045.57000000
ETHUSD_PERP,1710345600000,0.00010000,3968.46000000
ETHUSD_PERP,1710374400000,0.00011194,4010.46901653
ETHUSD_PERP,1710403200000,0.00044785,3968.97000000
ETHUSD_PERP,1710432000002,0.00040098,3848.06000000
ETHUSD_PERP,1710460800000,0.00072389,3883.89000000
ETHUSD_PERP,1710489600000,0.00046197,3753.80000000
ETHUSD_PERP,1710518400000,0.00054224,3691.15107223
ETHUSD_PERP,1710547200001,0.00014698,3742.83404136
ETHUSD_PERP,1710576000001,0.00031074,3742.75713157
ETHUSD_PERP,1710604800000,0.00056391,3681.81000000
ETHUSD_PERP,1710633600000,0.00053912,3524.40000000
ETHUSD_PERP,1710662400000,0.00034620,3472.01554744
ETHUSD_PERP,1710691200000,0.00068788,3627.16201707
ETHUSD_PERP,1710720000000,0.00028031,3645.61000000
ETHUSD_PERP,1710748800000,0.00039964,3626.82000000
ETHUSD_PERP,1710777600001,0.00040863,3526.29448077
ETHUSD_PERP,1710806400000,0.00015979,3522.48389816
ETHUSD_PERP,1710835200000,0.00056516,3361.44000000
ETHUSD_PERP,1710864000000,0.00021492,3301.01000000
ETHUSD_PERP,1710892800000,0.00010000,3159.50000000
ETHUSD_PERP,1710921600001,0.00010000,3218.43950230
ETHUSD_PERP,1710950400000,0.00010000,3295.09000000
ETHUSD_PERP,1710979200000,0.00010000,3516.64651081
ETHUSD_PERP,1711008000000,0.00020438,3519.66315155
ETHUSD_PERP,1711036800000,0.00016064,3498.60000000
ETHUSD_PERP,1711065600000,0.00019500,3494.15545659
ETHUSD_PERP,1711094400000,0.00010902,3513.52776175
ETHUSD_PERP,1711123200000,0.00035460,3351.00000000
ETHUSD_PERP,1711152000000,0.00013426,3338.00584868
ETHUSD_PERP,1711180800000,0.00027322,3368.11998982
ETHUSD_PERP,1711209600000,0.00014662,3408.52000000
ETHUSD_PERP,1711238400000,0.00010000,3331.91181255
ETHUSD_PERP,1711267200000,0.00010000,3343.17858623
ETHUSD_PERP,1711296000000,0.00027802,3400.61142675
ETHUSD_PERP,1711324800000,0.00031159,3456.48413608
ETHUSD_PERP,1711353600000,0.00010000,3446.68647567
ETHUSD_PERP,1711382400000,0.00010000,3586.41000000
ETHUSD_PERP,1711411200000,0.00059337,3594.65268299
ETHUSD_PERP,1711440000000,0.00010000,3638.01000000
ETHUSD_PERP,1711468800000,0.00013759,3596.65605468
ETHUSD_PERP,1711497600001,0.00022710,3589.31841143
ETHUSD_PERP,1711526400001,0.00048208,3567.90283411
ETHUSD_PERP,1711555200000,0.00046494,3515.28572710
ETHUSD_PERP,1711584000000,0.00033972,3503.10985595
ETHUSD_PERP,1711612800000,0.00046730,3576.79000000
ETHUSD_PERP,1711641600000,0.00060808,3580.96029895
ETHUSD_PERP,1711670400001,0.00020895,3563.41799023
ETHUSD_PERP,1711699200000,0.00024794,3520.71913224
ETHUSD_PERP,1711728000001,0.00039551,3490.29587412
ETHUSD_PERP,1711756800000,0.00014095,3513.98939619
ETHUSD_PERP,1711785600000,0.00010000,3496.95415008
ETHUSD_PERP,1711814400004,0.00043569,3541.80000000
ETHUSD_PERP,1711843200000,0.00010000,3509.23000000
ETHUSD_PERP,1711872000000,0.00066451,3628.92146364
ETHUSD_PERP,1711900800000,0.00055811,3621.57000000
ETHUSD_PERP,1711929600000,0.00060569,3649.02000000
ETHUSD_PERP,1711958400000,0.00027827,3548.65269201
ETHUSD_PERP,1711987200001,0.00012536,3445.86725896
ETHUSD_PERP,1712016000003,0.00010000,3507.15508300
ETHUSD_PERP,1712044800000,0.00010000,3366.03000000
ETHUSD_PERP,1712073600000,0.00019086,3242.00000000
ETHUSD_PERP,1712102400001,0.00010000,3279.51881732
ETHUSD_PERP,1712131200001,0.00010000,3308.38793401
ETHUSD_PERP,1712160000000,0.00010000,3331.14447418
ETHUSD_PERP,1712188800000,0.00010000,3312.13759731
ETHUSD_PERP,1712217600000,0.00010000,3324.76305021
ETHUSD_PERP,1712246400000,0.00013695,3367.31076722
ETHUSD_PERP,1712275200000,0.00010000,3329.28570427
ETHUSD_PERP,1712304000000,0.00010000,3288.40000000
ETHUSD_PERP,1712332800000,0.00010000,3330.97000000
ETHUSD_PERP,1712361600000,0.00010000,3320.40000000
ETHUSD_PERP,1712390400000,0.00010000,3331.24008658
ETHUSD_PERP,1712419200000,0.00010000,3336.53706473
ETHUSD_PERP,1712448000000,0.00010000,3353.53408074
ETHUSD_PERP,1712476800000,0.00010000,3386.73565771
ETHUSD_PERP,1712505600000,0.00010000,3390.20000000
ETHUSD_PERP,1712534400000,0.00010000,3456.11285174
ETHUSD_PERP,1712563200000,0.00010000,3474.92067931
ETHUSD_PERP,1712592000000,0.00027532,3630.75065096
ETHUSD_PERP,1712620800000,0.00010000,3695.34731300
ETHUSD_PERP,1712649600000,0.00010000,3642.85956439
ETHUSD_PERP,1712678400000,0.00010000,3529.70522553
ETHUSD_PERP,1712707200000,0.00010000,3506.42000000
ETHUSD_PERP,1712736000000,0.00010000,3536.60000000
ETHUSD_PERP,1712764800000,0.00010000,3479.60226165
ETHUSD_PERP,1712793600002,0.00010000,3545.13953398
ETHUSD_PERP,1712822400000,0.00010000,3584.88925503
ETHUSD_PERP,1712851200000,0.00010000,3508.58627121
ETHUSD_PERP,1712880000000,0.00010000,3503.61643207
ETHUSD_PERP,1712908800001,0.00010000,3518.36000000
ETHUSD_PERP,1712937600000,0.00010000,3440.01000000
ETHUSD_PERP,1712966400000,0.00010000,3238.61398454
ETHUSD_PERP,1712995200000,0.00010000,3258.45000000
ETHUSD_PERP,1713024000000,0.00010000,3272.19000000
ETHUSD_PERP,1713052800000,-0.00044431,3007.93359748
ETHUSD_PERP,1713081600000,0.00005794,3084.71000000
ETHUSD_PERP,1713110400000,0.00010000,3055.54770735
ETHUSD_PERP,1713139200000,0.00006234,3156.20000000
ETHUSD_PERP,1713168000001,-0.00011759,3244.76374878
ETHUSD_PERP,1713196800000,0.00006506,3165.59776481
ETHUSD_PERP,1713225600000,0.00010000,3101.79000000
ETHUSD_PERP,1713254400000,0.00010000,3107.52000000
ETHUSD_PERP,1713283200000,0.00003684,3009.32742470
ETHUSD_PERP,1713312000000,0.00010000,3084.60000000
ETHUSD_PERP,1713340800000,-0.00000271,3077.17613201
ETHUSD_PERP,1713369600000,0.00000155,2946.48059564
ETHUSD_PERP,1713398400001,0.00010000,2984.32415390
ETHUSD_PERP,1713427200000,0.00010000,2974.50580511
ETHUSD_PERP,1713456000000,-0.00001508,3068.39000000
ETHUSD_PERP,1713484800000,-0.00001506,3064.45827585
ETHUSD_PERP,1713513600001,0.00008856,3084.26000000
ETHUSD_PERP,1713542400000,-0.00005378,3080.75000000
ETHUSD_PERP,1713571200000,0.00003528,3056.24677800
ETHUSD_PERP,1713600000000,-0.00004440,3060.64000000
ETHUSD_PERP,1713628800000,0.00010000,3109.78411891
ETHUSD_PERP,1713657600000,0.00004806,3155.92643985
ETHUSD_PERP,1713686400000,-0.00003460,3178.68636831
ETHUSD_PERP,1713715200000,0.00006986,3158.24706510
ETHUSD_PERP,1713744000000,0.00006879,3146.44000000
ETHUSD_PERP,1713772800000,0.00005480,3204.01000000
ETHUSD_PERP,1713801600000,-0.00003197,3183.16000000
ETHUSD_PERP,1713830400000,0.00004130,3199.84941503
ETHUSD_PERP,1713859200000,0.00007263,3160.96000000
ETHUSD_PERP,1713888000000,0.00010000,3225.26000000
ETHUSD_PERP,1713916800000,0.00010000,3219.03288358
ETHUSD_PERP,1713945600000,0.00010000,3249.71244106
ETHUSD_PERP,1713974400000,0.00010000,3174.81775705
ETHUSD_PERP,1714003200000,0.00010000,3138.40000000
ETHUSD_PERP,1714032000000,0.00010000,3133.80000000
ETHUSD_PERP,1714060800001,0.00009665,3157.80000000
ETHUSD_PERP,1714089600000,0.00007795,3153.85000000
ETHUSD_PERP,1714118400000,0.00010000,3133.27348639
ETHUSD_PERP,1714147200000,0.00010000,3115.56000000
ETHUSD_PERP,1714176000000,0.00010000,3128.81000000
ETHUSD_PERP,1714204800000,0.00010000,3118.20000000
ETHUSD_PERP,1714233600000,0.00010000,3141.59000000
ETHUSD_PERP,1714262400000,0.00010000,3252.72000000
ETHUSD_PERP,1714291200001,0.00010000,3315.60470303
ETHUSD_PERP,1714320000001,0.00010000,3318.81000000
ETHUSD_PERP,1714348800001,0.00010000,3261.60857601
ETHUSD_PERP,1714377600000,0.00010000,3186.07736586
ETHUSD_PERP,1714406400000,0.00010000,3180.88196007
ETHUSD_PERP,1714435200000,0.00010000,3214.99000000
ETHUSD_PERP,1714464000000,0.00010000,3154.73000000
ETHUSD_PERP,1714492800000,0.00010000,2991.41522681
ETHUSD_PERP,1714521600000,0.00010000,3011.38434821
ETHUSD_PERP,1714550400000,0.00010000,2865.57603654
ETHUSD_PERP,1714579200000,0.00010000,2881.41583434
ETHUSD_PERP,1714608000000,0.00010000,2967.93787554
ETHUSD_PERP,1714636800001,-0.00007150,2917.65000000
ETHUSD_PERP,1714665600000,-0.00017931,2988.74000000
ETHUSD_PERP,1714694400000,-0.00005657,2985.37191488
ETHUSD_PERP,1714723200000,-0.00012712,2967.61683175
ETHUSD_PERP,1714752000000,0.00000005,3074.40000000
ETHUSD_PERP,1714780800000,0.00000535,3102.26000000
ETHUSD_PERP,1714809600000,0.00003565,3095.31311964
ETHUSD_PERP,1714838400001,0.00002192,3126.35575072
ETHUSD_PERP,1714867200000,0.00009791,3116.50000000
ETHUSD_PERP,1714896000000,0.00006287,3105.01000000
ETHUSD_PERP,1714924800000,0.00003333,3159.12286074
ETHUSD_PERP,1714953600000,0.00010000,3135.77471612
ETHUSD_PERP,1714982400000,0.00010000,3180.56817645
ETHUSD_PERP,1715011200000,0.00010000,3089.26000000
ETHUSD_PERP,1715040000000,0.00010000,3061.40000000
ETHUSD_PERP,1715068800000,0.00010000,3078.09366566
ETHUSD_PERP,1715097600000,0.00010000,3070.46000000
ETHUSD_PERP,1715126400000,0.00010000,3005.26416138
ETHUSD_PERP,1715155200000,0.00010000,2993.60000000
ETHUSD_PERP,1715184000000,0.00010000,3005.49000000
ETHUSD_PERP,1715212800000,0.00010000,2973.00373780
ETHUSD_PERP,1715241600000,0.00010000,2981.50948655
ETHUSD_PERP,1715270400000,0.00010000,3004.60000000
ETHUSD_PERP,1715299200000,0.00010000,3035.20000000
ETHUSD_PERP,1715328000001,0.00010000,3040.88237267
ETHUSD_PERP,1715356800000,0.00007503,2916.71000000
ETHUSD_PERP,1715385600000,0.00010000,2908.76581595
ETHUSD_PERP,1715414400000,0.00010000,2920.19000000
ETHUSD_PERP,1715443200000,0.00010000,2924.13470006
ETHUSD_PERP,1715472000000,0.00010000,2910.69286910
ETHUSD_PERP,1715500800000,0.00010000,2905.89000000
ETHUSD_PERP,1715529600000,0.00010000,2935.99275764
ETHUSD_PERP,1715558400000,0.00010000,2926.86327967
ETHUSD_PERP,1715587200000,0.00010000,2952.16073810
ETHUSD_PERP,1715616000000,0.00010000,2960.07000000
ETHUSD_PERP,1715644800000,0.00010000,2949.71532523
ETHUSD_PERP,1715673600000,0.00010000,2917.74000000
ETHUSD_PERP,1715702400000,0.00010000,2897.03000000
ETHUSD_PERP,1715731200000,0.00010000,2880.51156038
ETHUSD_PERP,1715760000000,0.00010000,2915.00000000
ETHUSD_PERP,1715788800003,0.00010000,2976.08000000
ETHUSD_PERP,1715817600000,0.00009786,3032.13450360
ETHUSD_PERP,1715846400000,0.00010000,3015.84226582
ETHUSD_PERP,1715875200000,0.00010000,2956.31716113
ETHUSD_PERP,1715904000000,0.00001613,2943.67000000
ETHUSD_PERP,1715932800000,0.00010000,3024.95715949
ETHUSD_PERP,1715961600000,0.00010000,3112.65000000
ETHUSD_PERP,1715990400000,0.00010000,3092.80406088
ETHUSD_PERP,1716019200000,0.00010000,3101.63000000
ETHUSD_PERP,1716048000001,0.00010000,3110.57911338
ETHUSD_PERP,1716076800000,0.00010000,3122.86122434
ETHUSD_PERP,1716105600000,0.00010000,3115.78000000
ETHUSD_PERP,1716134400000,0.00010000,3077.93866112
ETHUSD_PERP,1716163200000,0.00010000,3069.93062394
ETHUSD_PERP,1716192000000,0.00002725,3090.72124436
ETHUSD_PERP,1716220800000,0.00006357,3117.56000000
ETHUSD_PERP,1716249600000,0.00010000,3662.82000000
ETHUSD_PERP,1716278400001,0.00010000,3661.38962524
ETHUSD_PERP,1716307200000,0.00010000,3776.47000000
ETHUSD_PERP,1716336000000,0.00010000,3791.60000000
ETHUSD_PERP,1716364800001,0.00010000,3746.84339210
ETHUSD_PERP,1716393600000,0.00010703,3763.01000000
ETHUSD_PERP,1716422400000,0.00014944,3739.39000000
ETHUSD_PERP,1716451200000,0.00010512,3813.65000000
ETHUSD_PERP,1716480000000,0.00010000,3813.21000000
ETHUSD_PERP,1716508800000,0.00010000,3783.94548370
ETHUSD_PERP,1716537600000,0.00010000,3678.40000000
ETHUSD_PERP,1716566400001,0.00010000,3693.02636294
ETHUSD_PERP,1716595200003,0.00010000,3728.35825129
ETHUSD_PERP,1716624000000,0.00010000,3747.25069015
ETHUSD_PERP,1716652800000,0.00010000,3744.34919487
ETHUSD_PERP,1716681600000,0.00010000,3750.20000000
ETHUSD_PERP,1716710400000,0.00010000,3787.28751615
ETHUSD_PERP,1716739200000,0.00010000,3833.20000000
ETHUSD_PERP,1716768000000,0.00010000,3825.20000000
ETHUSD_PERP,1716796800000,0.00010000,3913.20000000
ETHUSD_PERP,1716825600000,0.00010000,3962.78261034
ETHUSD_PERP,1716854400000,0.00021181,3892.90000000
ETHUSD_PERP,1716883200000,0.00016915,3847.70357435
ETHUSD_PERP,1716912000000,0.00026041,3859.16335943
ETHUSD_PERP,1716940800000,0.00011561,3843.01000000
ETHUSD_PERP,1716969600000,0.00031480,3820.10619458
ETHUSD_PERP,1716998400000,0.00010000,3758.19000000
ETHUSD_PERP,1717027200000,0.00019319,3765.01000000
ETHUSD_PERP,1717056000000,0.00010000,3718.13741595
ETHUSD_PERP,1717084800000,0.00012640,3776.37000000
ETHUSD_PERP,1717113600000,0.00010000,3749.04894557
ETHUSD_PERP,1717142400001,0.00010000,3728.37902495
ETHUSD_PERP,1717171200000,0.00010000,3743.53763957
ETHUSD_PERP,1717200000000,0.00026165,3760.98847241
ETHUSD_PERP,1717228800001,0.00017776,3771.13276067
ETHUSD_PERP,1717257600000,0.00011889,3797.24429369
ETHUSD_PERP,1717286400000,0.00012374,3815.07748473
ETHUSD_PERP,1717315200000,0.00010000,3792.22000000
ETHUSD_PERP,1717344000000,0.00010481,3797.62271941
ETHUSD_PERP,1717372800000,0.00016852,3781.75000000
ETHUSD_PERP,1717401600000,0.00021268,3818.00000000
ETHUSD_PERP,1717430400000,0.00010000,3796.35114146
ETHUSD_PERP,1717459200000,0.00010000,3767.46057878
ETHUSD_PERP,1717488000000,0.00010000,3775.35911027
ETHUSD_PERP,1717516800000,0.00010000,3813.00000000
ETHUSD_PERP,1717545600000,0.00011388,3812.63000000
ETHUSD_PERP,1717574400000,0.00019984,3811.40000000
ETHUSD_PERP,1717603200000,0.00011824,3815.87000000
ETHUSD_PERP,1717632000001,0.00018103,3868.06221895
ETHUSD_PERP,1717660800000,0.00011166,3854.45122303
ETHUSD_PERP,1717689600000,0.00030192,3845.95621057
ETHUSD_PERP,1717718400000,0.00016474,3814.40000000
ETHUSD_PERP,1717747200000,0.00010776,3817.68000000
ETHUSD_PERP,1717776000000,0.00029463,3799.68146880
ETHUSD_PERP,1717804800001,0.00019697,3679.21000000
ETHUSD_PERP,1717833600000,0.00026534,3709.20000000
ETHUSD_PERP,1717862400000,0.00016347,3688.35000000
ETHUSD_PERP,1717891200000,0.00010000,3681.52000000
ETHUSD_PERP,1717920000000,0.00010000,3687.08234913
ETHUSD_PERP,1717948800000,0.00010000,3691.66000000
ETHUSD_PERP,1717977600000,0.00010000,3706.60000000
ETHUSD_PERP,1718006400000,0.00010000,3649.56364313
ETHUSD_PERP,1718035200000,0.00010000,3703.19000000
ETHUSD_PERP,1718064000000,0.00010000,3667.40000000
ETHUSD_PERP,1718092800000,0.00010000,3533.19000000
ETHUSD_PERP,1718121600000,0.00010824,3446.79000000
ETHUSD_PERP,1718150400003,0.00010000,3497.48811487
ETHUSD_PERP,1718179200000,0.00010000,3526.92000000
ETHUSD_PERP,1718208000000,0.00010000,3618.06190872
ETHUSD_PERP,1718236800000,0.00010000,3560.21000000
ETHUSD_PERP,1718265600001,0.00010000,3506.88372408
ETHUSD_PERP,1718294400001,0.00010000,3441.26282269
ETHUSD_PERP,1718323200000,0.00010000,3468.41000000
ETHUSD_PERP,1718352000000,0.00010000,3515.53874644
ETHUSD_PERP,1718380800000,0.00010000,3460.57110637
ETHUSD_PERP,1718409600000,0.00010000,3480.33239356
ETHUSD_PERP,1718438400000,0.00010000,3526.52379017
ETHUSD_PERP,1718467200000,0.00010000,3562.93070241
ETHUSD_PERP,1718496000000,0.00010000,3566.53597626
ETHUSD_PERP,1718524800000,0.00010000,3559.25874511
ETHUSD_PERP,1718553600000,0.00010000,3589.79726781
ETHUSD_PERP,1718582400001,0.00010000,3621.60362851
ETHUSD_PERP,1718611200000,0.00010000,3549.80000000
ETHUSD_PERP,1718640000000,0.00010000,3493.79257387
ETHUSD_PERP,1718668800000,0.00010000,3509.60000000
ETHUSD_PERP,1718697600000,0.00010000,3442.00000000
ETHUSD_PERP,1718726400000,0.00010000,3421.05654195
ETHUSD_PERP,1718755200000,0.00010000,3481.63103082
ETHUSD_PERP,1718784000000,0.00009454,3542.19000000
ETHUSD_PERP,1718812800000,0.00010000,3526.18000000
ETHUSD_PERP,1718841600000,0.00006755,3557.89283875
ETHUSD_PERP,1718870400000,0.00010000,3605.40000000
ETHUSD_PERP,1718899200000,0.00005545,3502.96172990
ETHUSD_PERP,1718928000001,0.00010000,3509.28872822
ETHUSD_PERP,1718956800000,0.00005175,3471.60000000
ETHUSD_PERP,1718985600000,0.00010000,3488.61000000
ETHUSD_PERP,1719014400000,0.00010000,3515.24240647
ETHUSD_PERP,1719043200000,0.00010000,3490.98000000
ETHUSD_PERP,1719072000000,0.00005794,3501.57208863
ETHUSD_PERP,1719100800000,0.00008739,3493.32692697
ETHUSD_PERP,1719129600000,0.00010000,3509.55676761
ETHUSD_PERP,1719158400000,0.00010000,3471.70931604
ETHUSD_PERP,1719187200000,0.00010000,3417.51783134
ETHUSD_PERP,1719216000000,0.00008648,3365.69000000
ETHUSD_PERP,1719244800000,0.00010000,3277.55000000
ETHUSD_PERP,1719273600000,0.00010000,3350.08000000
ETHUSD_PERP,1719302400001,0.00010000,3358.79000000
ETHUSD_PERP,1719331200000,0.00010000,3417.72000000
ETHUSD_PERP,1719360000006,0.00007570,3392.60713613
ETHUSD_PERP,1719388800000,0.00010000,3399.58000000
ETHUSD_PERP,1719417600000,0.00010000,3360.04595230
ETHUSD_PERP,1719446400000,0.00010000,3368.91000000
ETHUSD_PERP,1719475200000,0.00010000,3372.16046661
ETHUSD_PERP,1719504000004,0.00010000,3448.36026571
ETHUSD_PERP,1719532800001,0.00010000,3446.82000000
ETHUSD_PERP,1719561600000,0.00010000,3427.22893407
ETHUSD_PERP,1719590400000,0.00010000,3408.23000000
ETHUSD_PERP,1719619200000,0.00010000,3374.86998812
ETHUSD_PERP,1719648000000,0.00010000,3394.61000000
ETHUSD_PERP,1719676800000,0.00010000,3389.40000000
ETHUSD_PERP,1719705600000,0.00010000,3373.35666841
ETHUSD_PERP,1719734400000,0.00010000,3387.72000000
ETHUSD_PERP,1719763200001,0.00010000,3393.47182886
ETHUSD_PERP,1719792000000,0.00010000,3431.82000000
ETHUSD_PERP,1719820800000,0.00010000,3485.75981617
ETHUSD_PERP,1719849600000,0.00007354,3468.31000000
ETHUSD_PERP,1719878400000,-0.00001436,3437.24594790
ETHUSD_PERP,1719907200000,0.00010000,3433.02770709
ETHUSD_PERP,1719936000000,0.00010000,3408.54000000
ETHUSD_PERP,1719964800000,0.00010000,3414.65455910
ETHUSD_PERP,1719993600001,0.00005907,3347.10863260
ETHUSD_PERP,1720022400000,0.00007657,3297.87617953
ETHUSD_PERP,1720051200000,0.00005487,3290.70433146
ETHUSD_PERP,1720080000000,-0.00000971,3177.92000000
ETHUSD_PERP,1720108800000,-0.00006827,3135.15000000
ETHUSD_PERP,1720137600000,-0.00005605,3056.79000000
ETHUSD_PERP,1720166400000,-0.00013355,2880.05345681
ETHUSD_PERP,1720195200000,-0.00005508,2990.05530070
ETHUSD_PERP,1720224000000,-0.00005801,2980.40000000
ETHUSD_PERP,1720252800003,-0.00000398,3003.57685050
ETHUSD_PERP,1720281600000,0.00000719,3019.39000000
ETHUSD_PERP,1720310400000,0.00005345,3066.15881613
ETHUSD_PERP,1720339200000,0.00005582,3003.34485149
ETHUSD_PERP,1720368000000,0.00004771,2969.07092220
ETHUSD_PERP,1720396800000,-0.00005899,2929.14000000
ETHUSD_PERP,1720425600000,0.00000288,2925.92194628
ETHUSD_PERP,1720454400000,0.00010000,2967.68913020
ETHUSD_PERP,1720483200000,0.00004122,3017.49171482
ETHUSD_PERP,1720512000000,-0.00008643,3060.44702964
